569970505361129542;1;https://cdn.discordapp.com/avatars/569970505361129542/820d3d47600927e3886fbb7387e9c60e.png?size=1024
569970505361129542;1;https://cdn.discordapp.com/avatars/569970505361129542/820d3d47600927e3886fbb7387e9c60e.png?size=1024
569970505361129542;1;https://cdn.discordapp.com/avatars/569970505361129542/820d3d47600927e3886fbb7387e9c60e.png?size=1024
569970505361129542;0;https://cdn.discordapp.com/avatars/569970505361129542/820d3d47600927e3886fbb7387e9c60e.png?size=1024
569970505361129542;1;https://cdn.discordapp.com/avatars/569970505361129542/820d3d47600927e3886fbb7387e9c60e.png?size=1024
569970505361129542;0;https://cdn.discordapp.com/avatars/569970505361129542/820d3d47600927e3886fbb7387e9c60e.png?size=1024
569970505361129542;0;https://cdn.discordapp.com/avatars/569970505361129542/820d3d47600927e3886fbb7387e9c60e.png?size=1024
569970505361129542;0;https://cdn.discordapp.com/avatars/569970505361129542/820d3d47600927e3886fbb7387e9c60e.png?size=1024
569970505361129542;0;https://cdn.discordapp.com/avatars/569970505361129542/820d3d47600927e3886fbb7387e9c60e.png?size=1024
569970505361129542;1;https://cdn.discordapp.com/avatars/569970505361129542/820d3d47600927e3886fbb7387e9c60e.png?size=1024
569970505361129542;1;https://cdn.discordapp.com/avatars/569970505361129542/820d3d47600927e3886fbb7387e9c60e.png?size=1024
569970505361129542;0;https://cdn.discordapp.com/avatars/569970505361129542/820d3d47600927e3886fbb7387e9c60e.png?size=1024
569970505361129542;0;https://cdn.discordapp.com/avatars/569970505361129542/820d3d47600927e3886fbb7387e9c60e.png?size=1024
569970505361129542;0;https://cdn.discordapp.com/avatars/569970505361129542/820d3d47600927e3886fbb7387e9c60e.png?size=1024
569970505361129542;0;https://cdn.discordapp.com/avatars/569970505361129542/820d3d47600927e3886fbb7387e9c60e.png?size=1024
569970505361129542;1;https://cdn.discordapp.com/avatars/569970505361129542/820d3d47600927e3886fbb7387e9c60e.png?size=1024
569970505361129542;0;https://cdn.discordapp.com/avatars/569970505361129542/820d3d47600927e3886fbb7387e9c60e.png?size=1024
569970505361129542;0;https://cdn.discordapp.com/avatars/569970505361129542/820d3d47600927e3886fbb7387e9c60e.png?size=1024
569970505361129542;0;https://cdn.discordapp.com/avatars/569970505361129542/820d3d47600927e3886fbb7387e9c60e.png?size=1024
569970505361129542;0;https://cdn.discordapp.com/avatars/569970505361129542/820d3d47600927e3886fbb7387e9c60e.png?size=1024
569970505361129542;0;https://cdn.discordapp.com/avatars/569970505361129542/820d3d47600927e3886fbb7387e9c60e.png?size=1024
569970505361129542;0;https://cdn.discordapp.com/avatars/569970505361129542/820d3d47600927e3886fbb7387e9c60e.png?size=1024
569970505361129542;0;https://cdn.discordapp.com/avatars/569970505361129542/820d3d47600927e3886fbb7387e9c60e.png?size=1024
569970505361129542;0;https://cdn.discordapp.com/avatars/569970505361129542/820d3d47600927e3886fbb7387e9c60e.png?size=1024
569970505361129542;0;https://cdn.discordapp.com/avatars/569970505361129542/820d3d47600927e3886fbb7387e9c60e.png?size=1024
569970505361129542;1;https://cdn.discordapp.com/avatars/569970505361129542/820d3d47600927e3886fbb7387e9c60e.png?size=1024
569970505361129542;1;https://cdn.discordapp.com/avatars/569970505361129542/820d3d47600927e3886fbb7387e9c60e.png?size=1024
569970505361129542;0;https://cdn.discordapp.com/avatars/569970505361129542/820d3d47600927e3886fbb7387e9c60e.png?size=1024
569970505361129542;1;https://cdn.discordapp.com/avatars/569970505361129542/820d3d47600927e3886fbb7387e9c60e.png?size=1024
569970505361129542;1;https://cdn.discordapp.com/avatars/569970505361129542/820d3d47600927e3886fbb7387e9c60e.png?size=1024
569970505361129542;0;https://cdn.discordapp.com/avatars/569970505361129542/820d3d47600927e3886fbb7387e9c60e.png?size=1024
569970505361129542;1;https://cdn.discordapp.com/avatars/569970505361129542/820d3d47600927e3886fbb7387e9c60e.png?size=1024
569970505361129542;1;https://cdn.discordapp.com/avatars/569970505361129542/820d3d47600927e3886fbb7387e9c60e.png?size=1024
569970505361129542;0;https://cdn.discordapp.com/avatars/569970505361129542/820d3d47600927e3886fbb7387e9c60e.png?size=1024
569970505361129542;0;https://cdn.discordapp.com/avatars/569970505361129542/820d3d47600927e3886fbb7387e9c60e.png?size=1024
569970505361129542;0;https://cdn.discordapp.com/avatars/569970505361129542/820d3d47600927e3886fbb7387e9c60e.png?size=1024
569970505361129542;0;https://cdn.discordapp.com/avatars/569970505361129542/820d3d47600927e3886fbb7387e9c60e.png?size=1024
569970505361129542;0;https://cdn.discordapp.com/avatars/569970505361129542/820d3d47600927e3886fbb7387e9c60e.png?size=1024
569970505361129542;3;https://cdn.discordapp.com/avatars/569970505361129542/820d3d47600927e3886fbb7387e9c60e.png?size=1024
569970505361129542;3;https://cdn.discordapp.com/avatars/569970505361129542/820d3d47600927e3886fbb7387e9c60e.png?size=1024
569970505361129542;3;https://cdn.discordapp.com/avatars/569970505361129542/820d3d47600927e3886fbb7387e9c60e.png?size=1024
569970505361129542;3;https://cdn.discordapp.com/avatars/569970505361129542/820d3d47600927e3886fbb7387e9c60e.png?size=1024
569970505361129542;3;https://cdn.discordapp.com/avatars/569970505361129542/820d3d47600927e3886fbb7387e9c60e.png?size=1024
569970505361129542;3;https://cdn.discordapp.com/avatars/569970505361129542/820d3d47600927e3886fbb7387e9c60e.png?size=1024
569970505361129542;0;https://cdn.discordapp.com/avatars/569970505361129542/820d3d47600927e3886fbb7387e9c60e.png?size=1024
569970505361129542;2;https://cdn.discordapp.com/avatars/569970505361129542/820d3d47600927e3886fbb7387e9c60e.png?size=1024
569970505361129542;3;https://cdn.discordapp.com/avatars/569970505361129542/820d3d47600927e3886fbb7387e9c60e.png?size=1024
569970505361129542;2;https://cdn.discordapp.com/avatars/569970505361129542/820d3d47600927e3886fbb7387e9c60e.png?size=1024
569970505361129542;0;https://cdn.discordapp.com/avatars/569970505361129542/820d3d47600927e3886fbb7387e9c60e.png?size=1024
569970505361129542;1;https://cdn.discordapp.com/avatars/569970505361129542/820d3d47600927e3886fbb7387e9c60e.png?size=1024
569970505361129542;3;https://cdn.discordapp.com/avatars/569970505361129542/820d3d47600927e3886fbb7387e9c60e.png?size=1024
